{
  "project_info": {
    "project_number": "163490417843",
    "firebase_url": "https://joel-f5883.firebaseio.com",
    "project_id": "joel-f5883",
    "storage_bucket": "joel-f5883.appspot.com"
  },
  "client": [
    {
      "client_info": {
        "mobilesdk_app_id": "1:163490417843:android:1f1fab15b69d5b64",
        "android_client_info": {
          "package_name": "com.example.joel"
        }
      },
      "oauth_client": [
        {
          "client_id": "163490417843-87q3h6ms9clvbbo6bj648d7tgpkvfs4h.apps.googleusercontent.com",
          "client_type": 1,
          "android_info": {
            "package_name": "com.example.joel",
            "certificate_hash": "504a7892db91d1725ece3fb4b02299761ec4dd69"
          }
        },
        {
          "client_id": "163490417843-d8akp1t8s44j1hcdhht0rd2bsb83dgsa.apps.googleusercontent.com",
          "client_type": 3
        }
      ],
      "api_key": [
        {
          "current_key": "AIzaSyDO8gIhg2MAhs1fcAwxwT6peSwo2SvnyPA"
        }
      ],
      "services": {
        "appinvite_service": {
          "other_platform_oauth_client": [
            {
              "client_id": "163490417843-d8akp1t8s44j1hcdhht0rd2bsb83dgsa.apps.googleusercontent.com",
              "client_type": 3
            }
          ]
        }
      }
    }
  ],
  "configuration_version": "1"
}